pid,ethnicity,lab_id,mutated_gene,mutation_type,label,age_onset,age
64426075,AJ,21-5450,BRCA2,6174delT,1,25.0,69.0
302634761,AJ,21-3679,BRCA1,185delAG,1,27.0,33.0
204239768,AJ,19-1833,BRCA2,6174delT,1,27.0,30.0
305538191,Iraq-Egyptian-AJ,19-743,BRCA1,5382insC,1,27.0,31.0
300492055,AJ-Algiers,21-2733,BRCA1,185delAG,1,28.0,35.0
27326784,AJ,21-09192,BRCA1,5382insC,1,28.0,48.0
209999580,AJ,21-1536,BRCA1,185delAG,1,28.0,49.0
22473185,AJ,21-2580,BRCA1,185delAG,1,29.0,56.0
306960865,AJ,19-752,BRCA1,185delAG,1,29.0,33.0
303683213,AJ,21-3219,BRCA1,5382insC,1,29.0,40.0
39849310,AJ,21-07066,BRCA1,5382insC,1,30.0,39.0
200050607,AJ,21-1915,BRCA2,6174delT,1,31.0,41.0
31382146,Iraq,21-07643,BRCA1,185delAG,1,31.0,44.0
33732553,AJ,21-06151,BRCA1,185delAG,1,31.0,45.0
40483257,AJ-Iraq,21-425,BRCA2,6174delT ,1,31.0,42.0
40305666,AJ,21-09565,BRCA2,6174delT,1,32.0,42.0
66203704,AJ,21-4417,BRCA1,185delAG,1,32.0,39.0
38200473,AJ,21-07641,BRCA2,6174delT,1,32.0,37.0
17547381,AJ,21-08270,BRCA1,185delAG,1,32.0,46.0
38610713,AJ,21-09114,BRCA1,185delAG,1,32.0,47.0
306185273,AJ,21-07599,BRCA1,185delAG,1,32.0,38.0
57087850,Balkan-AJ,21-837,BRCA1,185delAG,1,32.0,61.0
27237460,AJ,21-1819,BRCA2,6174delT,1,33.0,48.0
39198429,AJ,21-2738,BRCA1,185delAG,1,33.0,39.0
60774262,AJ,16-2712,BRCA2,6174delT,1,33.0,40.0
39550579,AJ,21-09772,BRCA1,5382insC,1,34.0,38.0
37425212,Iraq-Moroccan,21-09116,BRCA1,185delAG,1,34.0,42.0
66636424,AJ,19-187,BRCA2,6174delT,1,34.0,38.0
37033362,AJ,21-3677,BRCA1,185delAG,1,34.0,37.0
8394330,AJ,21-3614,BRCA1,5382insC,1,34.0,74.0
306963547,AJ,19-2496,BRCA1,185delAG,1,34.0,38.0
50845817,AJ,21-08267,BRCA2,6174delT,1,34.0,71.0
28890606,AJ,21-07296,BRCA1,185delAG,1,34.0,50.0
60634888,AJ,21-07302,BRCA2,6174delT,1,34.0,40.0
66102435,AJ,18-11965,BRCA2,6174delT,1,35.0,40.0
22806772,AJ,21-3856,BRCA1,185delAG,1,35.0,55.0
32861924,AJ,21-07428,BRCA2,6174delT,1,35.0,44.0
40605776,AJ,21-2731,BRCA1,185delAG,1,35.0,41.0
53663415,AJ,17-7723,BRCA1,5382insC,1,35.0,67.0
15488117,AJ,21-06308,BRCA2,6174delT,1,35.0,65.0
36285161,AJ-Iraq,21-2511,BRCA1,185delAG,1,35.0,43.0
27349885,AJ,21-428,BRCA2,6174delT ,1,35.0,48.0
31168750,AJ,21-1920,BRCA1,185delAG,1,36.0,43.0
307307595,AJ,21-4761,BRCA1,185delAG,1,36.0,46.0
34957449,AJ,21-09124,BRCA1,5382insC,1,36.0,43.0
13214077,AJ-Turkish,21-1544,BRCA1,185delAG,1,37.0,48.0
40769929,AJ,21-4418,BRCA1,185delAG,1,37.0,41.0
27262054,AJ,21-4751,BRCA2,6174delT,1,37.0,48.0
40597775,AJ,21-2894,BRCA1,185delAG,1,37.0,41.0
27903590,AJ,21-3220,BRCA1,185delAG,1,37.0,52.0
32971830,AJ,16-3918,BRCA1,185delAG,1,37.0,44.0
306267550,AJ,21-06687,BRCA1,185delAG,1,38.0,41.0
37729969,AJ,21-2570,BRCA1,185delAG,1,38.0,39.0
345245245,שׂêשׂïשׂ'שׂ)שׂêשׂôשׂשׂô-שׂêשׂïשׂ'שׂ)שׂêשׂôשׂשׂô,19-10837,BRCA1,5382insC,1,38.0,45.0
22955033,AJ,21-2729,BRCA1,185delAG,1,38.0,55.0
25188269,AJ-Iraq,21-2571,BRCA1,185delAG/5382insC,1,38.0,49.0
46110011,AJ,21-09414,BRCA2,6174delT,1,39.0,41.0
26662932,AJ,21-06305,BRCA2,6174delT,1,39.0,42.0
24668253,AJ,21-3682,BRCA2,6174delT,1,39.0,53.0
326904448,AJ,20-249,BRCA2,6174delT,1,39.0,43.0
54240536,AJ,21-07063,BRCA1,5382insC,1,40.0,65.0
58622085,AJ,21-08044,BRCA1,185delAG,1,40.0,58.0
25315730,AJ,21-07427,BRCA1,185delAG,1,40.0,49.0
307517243,AJ-bukhari,20-3085,BRCA1,5382insC,1,40.0,43.0
34831776,AJ,21-07637,BRCA1,185delAG,1,40.0,44.0
313790198,AJ-Russian,21-08037,BRCA1,185delAG,1,40.0,44.0
55411243,AJ,21-07178,BRCA1,5382insC,1,40.0,64.0
28755296,AJ,21-08047,BRCA2,6174delT,1,40.0,51.0
23807258,AJ,21-4419,BRCA1,185delAG,1,40.0,53.0
32157232,AJ,21-08456,BRCA1,185delAG,1,40.0,47.0
309671485,AJ,21-4780,BRCA1,5382insC,1,40.0,59.0
50860626,Iraq,21-1357,BRCA1,185delAG,1,40.0,71.0
22238877,AJ-Syria,21-09189,BRCA1,185delAG,1,40.0,56.0
57134025,AJ,21-08031,BRCA1,185delAG,1,41.0,61.0
27224963,AJ,21-4420,BRCA1,185delAG,1,41.0,48.0
25477068,AJ,16-7868,BRCA1,185delAG,1,41.0,49.0
34276790,,19-1930,BRCA2,6174delT MSH6 p.Ala1320Lysfs*8,1,41.0,45.0
50853043,AJ,21-972,BRCA2,6174delT ,1,41.0,71.0
51757011,AJ,21-5796,BRCA1,185delAG,1,41.0,69.0
59841072,AJ,21-5809,BRCA1,5382insC,1,41.0,55.0
36317055,AJ,21-3846,BRCA1,5382insC,1,41.0,43.0
13342357,AJ,21-3683,BRCA2,6174delT,1,41.0,63.0
37241270,AJ,21-07184,BRCA1,185delAG,1,41.0,43.0
25760927,AJ,21-07645,BRCA1,5382insC,1,42.0,49.0
50506872,AJ,21-07644,BRCA2,6174delT,1,42.0,71.0
29586658,AJ,21-08264,BRCA2,6174delT,1,42.0,50.0
25381872,AJ,16-2676,BRCA2,6174delT,1,42.0,49.0
24314445,AJ,21-2741,BRCA1,185delAG,1,42.0,53.0
322013244,AJ,21-06606,BRCA1,5382insC,1,42.0,47.0
34236232,AJ,21-3980,BRCA2,6174DELt,1,42.0,45.0
50731314,AJ,21-5458,BRCA1,5382insC,1,43.0,71.0
314326950,BelarusnonJ-שׂ$שׂïשׂúשׂשׂônonJIndian,18-2603,BRCA1,5382insC,1,43.0,49.0
230951136,AJ,21-1912,BRCA2,6174delT,1,43.0,55.0
52344298,AJ,21-09765,BRCA1,185delAG,1,43.0,68.0
27400225,AJ,21-06614,BRCA1,185delAG,1,43.0,48.0
22270169,Balkan-nonAJ,21-08263,BRCA1,185delAG,1,43.0,56.0
25477787,Afghan-AJ,17-5426,BRCA1,185delAG,1,43.0,49.0
56799893,nonAJ,21-3845,BRCA2,6174delT,1,43.0,61.0
28895969,AJ,17-398,BRCA2,6174delT,1,45.0,51.0
32043424,AJ,21-3840,BRCA2,6174delT,1,45.0,47.0
29692118,AJ,21-06695,BRCA2,6174delT,1,45.0,50.0
27794932,AJ,16-8747,BRCA2,6174delT,1,46.0,52.0
55358741,AJ,21-07284,BRCA2,6174delT,1,46.0,54.0
51574317,Iraq-Syria,21-09773,BRCA1,185delAG,1,46.0,70.0
28761377,Libya-AJ,21-09768,BRCA2,6174delT,1,46.0,51.0
7178700,,19-4698,BRCA2,6174delT,1,46.0,77.0
64605751,AJ,21-1825,BRCA1,185delAG,1,46.0,74.0
24920936,AJ,19-409,BRCA1,5382insC,1,46.0,52.0
29254372,AJ,21-3850,BRCA2,6174delT,1,47.0,50.0
29520186,,19-4192,BRCA1,5382insC,1,47.0,50.0
22078919,AJ,21-07605,BRCA2,6174delT,1,47.0,57.0
17080250,AJ,21-07640,BRCA2,6174delT,1,47.0,62.0
68407824,AJ,21-06162,BRCA2,6174delT,1,47.0,76.0
16574485,AJ,21-06311,BRCA2,6174delT,1,47.0,53.0
23835341,AJ,16-6365,BRCA2,6174delT,1,48.0,54.0
58628942,AJ,21-4312,BRCA2,6174delT,1,48.0,58.0
6508071,AJ,21-4311,BRCA2,6174delT,1,48.0,77.0
24898801,AJ,20-933,BRCA2,6174delT,1,49.0,52.0
24665903,Libya-Egyptian,20-633,BRCA1,185delAG,1,49.0,53.0
56384993,Iraq,21-08775,BRCA1,185delAG,1,49.0,62.0
57082810,Syria-Balkan,21-2512,BRCA2,6174delT,1,49.0,61.0
59128033,AJ,21-3215,BRCA2,6174delT,1,49.0,58.0
58068560,Iraq,21-07295,BRCA1,185delAG,1,50.0,59.0
51648699,AJ,21-4319,BRCA2,6174delT,1,50.0,70.0
51373801,AJ,21-3841,BRCA1,185delAG,1,50.0,70.0
22496087,AJ,17-8986,BRCA1,5382insC,1,50.0,55.0
22109136,AJ,17-10046,BRCA2,6174delT,1,50.0,57.0
23824469,Moroccan-Turkish,20-2917,BRCA2,6174delT,1,50.0,54.0
68739895,AJ,21-3687,BRCA1,185delAG,1,50.0,59.0
22020135,AJ-Moroccan,16-2964,BRCA1,5382insC,1,50.0,57.0
58652363,AJ,21-07601,BRCA2,6174delT,1,50.0,58.0
59743013,AJ,17-547,BRCA1,5382insC,1,51.0,57.0
24185621,nonAJ,21-431,BRCA2,6174delT ,1,51.0,53.0
22666671,AJ,21-2901,BRCA1,185delAG,1,51.0,56.0
56422868,AJ,21-07438,BRCA2,6174delT,1,51.0,62.0
53947958,AJ-Tunis,21-09194,BRCA2,6174delT,1,51.0,67.0
56229123,AJ-Turkish,21-06144,BRCA1,185delAG,1,51.0,37.0
58090135,AJ,21-07298,BRCA1,185delAG,1,52.0,59.0
17553637,AJ,21-424,BRCA1,185delAG,1,52.0,60.0
57505240,AJ,21-4747,BRCA1,185delAG,1,53.0,60.0
59573899,AJ,21-1538,BRCA2,6174delT,1,53.0,57.0
54877634,Iraq,21-08777,BRCA1,185delAG,1,54.0,65.0
15831597,AJ,19-8418,BRCA2,6174delT,1,54.0,57.0
304559768,AJ,17-3018,BRCA2,6174delT,1,54.0,60.0
52015120,AJ,21-3688,BRCA2,6174delT,1,55.0,69.0
54145255,AJ,21-09774,BRCA1,185delAG,1,55.0,65.0
16377160,AJ,21-3216,BRCA1,185delAG,1,56.0,68.0
12664827,AJ,21-5459,BRCA1,185delAG,1,56.0,67.0
13710868,AJ,21-2576,BRCA1,185delAG,1,57.0,70.0
57437238,AJ,20-13966,BRCA2,6174delT,1,58.0,60.0
68310382,AJ,17-405,BRCA2,6174delT,1,58.0,65.0
53215471,AJ,21-08063,BRCA1,185delAG,1,58.0,67.0
51282663,,21-09559,BRCA2,6174delT,1,59.0,70.0
12349353,AJ,21-2577,BRCA1,185delAG,1,59.0,66.0
54990460,AJ-Turkish,17-3020,BRCA2,6174delT,1,60.0,65.0
465500,AJ,21-06616,BRCA2,6174delT,1,60.0,85.0
30313514,AJ-Turkish,21-723,BRCA1,185delAG,1,60.0,72.0
13259023,AJ,21-09122,BRCA2,6174delT,1,60.0,73.0
52197035,AJ,21-09562,BRCA2,6174delT,1,60.0,69.0
50967918,AJ,21-08064,BRCA1,5382insC,1,61.0,70.0
310566443,AJ,16-9330,BRCA1,5382insC,1,62.0,68.0
52029683,AJ,21-07431,BRCA1,185delAG,1,63.0,69.0
54943527,AJ,19-1093,BRCA2,6174delT,1,63.0,65.0
53649018,AJ,19-11336,BRCA2,6174delT,1,63.0,67.0
67124255,AJ,21-3612,BRCA1,185delAG,1,64.0,72.0
50937960,AJ,16-7211,BRCA2,6174delT,1,64.0,71.0
50632215,AJ,18-2895,BRCA2,6174delT,1,65.0,71.0
44458438,AJ,21-08268,BRCA2,6174delT,1,66.0,76.0
11160520,AJ,21-974,BRCA2,6174delT ,1,66.0,76.0
313486,AJ,16-7844,BRCA1,5382insC,1,67.0,73.0
50508068,AJ,19-11738,BRCA2,6174delT,1,68.0,71.0
4541496,AJ,21-2740,BRCA1,185delAG,1,68.0,78.0
3573334,AJ,21-5653,BRCA1,185delAG,1,68.0,79.0
16574477,AJ,21-2514,BRCA2,6174delT,1,69.0,74.0
50756212,AJ,20-13554,BRCA1,185delAG,1,69.0,71.0
3834181,AJ,17-1361,BRCA1,5382insC,1,75.0,84.0
308708064,AJ,21-421,BRCA2,6174delT ,0,,37.0
58127903,AJ,21-423,BRCA1,5382insC,0,,59.0
53080990,AJ,21-426,BRCA2,6174delT ,0,,40.0
32095846,AJ,21-427,BRCA1+2,6174delT+185delAG,0,,47.0
310322318,AJ,21-429,BRCA1,185delAG,0,,49.0
37478765,AJ,21-430,BRCA2,6174delT ,0,,43.0
28751501,AJ,21-432,BRCA2,6174delT ,0,,51.0
31680408,AJ,21-721,BRCA2,6174delT ,0,,44.0
40453144,AJ-Moroccan,21-722,BRCA1,185delAG,0,,42.0
35790187,AJ-Turkish,21-724,BRCA1,185delAG,0,,43.0
306306358,AJ,21-725,BRCA1,185delAG,0,,37.0
58640343,AJ,21-727,BRCA1,185delAG,0,,58.0
66491036,AJ,21-728,BRCA2,6174delT ,0,,38.0
65596918,AJ,21-729,BRCA1,185delAG,0,,46.0
37217064,AJ,21-730,BRCA1,185delAG,0,,43.0
300325800,Iraq,21-731,BRCA1,5382insC,0,,35.0
53489282,AJ,21-834,BRCA1,185delAG,0,,67.0
25591819,Iraq-Yameni,21-835,BRCA1,5382insC,0,,49.0
51326023,AJ,21-836,BRCA2,6174delT ,0,,70.0
37108800,Balkan-AJ,21-842,BRCA1,185delAG,0,,37.0
305229775,AJ,21-838,BRCA1,185delAG,0,,31.0
27231877,AJ,21-839,BRCA1,185delAG,0,,48.0
17376385,nonJ-Indian-AJ,21-840,BRCA1,5382insC,0,,64.0
62875612,AJ,21-841,BRCA1,185delAG,0,,40.0
300340502,AJ-Iraq,21-843,BRCA1,185delAG+APC,0,,35.0
25349242,AJ,21-970,BRCA1,185delAG,0,,49.0
27954221,AJ,21-971,BRCA2,6174delT ,0,,52.0
8997538,AJ,21-973,BRCA2,6174delT ,0,,80.0
24905960,AJ,21-975,BRCA1,185delAG,0,,52.0
36484301,AJ,21-1350,BRCA1,185delAG,0,,43.0
53549432,AJ,21-1351,BRCA1,185delAG,0,,67.0
53985727,AJ,21-1352,BRCA1,185delAG,0,,66.0
204002364,AJ,21-1353,BRCA2,6174delT,0,,30.0
303053235,AJ,21-1537,BRCA1+2,185delAG+6174delT,0,,33.0
305708372,AJ,21-1539,BRCA2,6174delT,0,,31.0
29683299,AJ,21-1540,BRCA2,6174delT,0,,50.0
61284550,AJ,21-1541,BRCA2,6174delT,0,,40.0
57783441,AJ,21-1542,BRCA1,185delAG,0,,59.0
21709787,AJ,21-1543,BRCA2,6174delT,0,,37.0
205938251,AJ,21-1547,BRCA1,5382insC,0,,27.0
23529027,AJ,21-1813,BRCA1,,0,,54.0
21786231,Libya-AJ,21-1814,BRCA1+2,6174delT,0,,39.0
57534091,AJ,21-1816,BRCA2,6174delT+MSH6,0,,60.0
27730639,AJ,21-1817,BRCA1,185delAG,0,,52.0
53935219,AJ,21-1818,BRCA2,6174delT,0,,66.0
302155379,AJ,21-1821,BRCA2,6174delT,0,,32.0
300464674,AJ,21-1822,BRCA1,185delAG,0,,35.0
66711383,AJ,21-1823,BRCA2,6174delT,0,,39.0
200729168,Iraq,21-1824,BRCA1,185delAG,0,,34.0
308062769,AJ-Iran,21-1829,BRCA1,185delAG,0,,30.0
31987696,AJ,21-1832,BRCA1,5382insC,0,,47.0
58612136,Syria-Iraq,21-1909,BRCA1,185delAG,0,,59.0
311189533,AJ,21-1910,BRCA1,5382insC,0,,29.0
314505355,AJ,21-1913,BRCA2,6174delT,0,,45.0
35918879,AJ,21-1914,BRCA1,185delAG,0,,43.0
14583843,AJ-Georgian,21-1916,BRCA2,6174delT,0,,58.0
203241021,AJ-Afghan,21-1917,BRCA2,6174delT,0,,31.0
35942770,AJ,21-1918,BRCA1,185delAG,0,,43.0
23897267,AJ,21-1919,BRCA1,5382insC,0,,54.0
36588689,AJ,21-2500,BRCA2,6174delT,0,,38.0
5985155,AJ,21-2501,BRCA2,6174delT,0,,76.0
5985148,AJ,21-2502,BRCA2,6174delT,0,,78.0
28736494,AJ,21-2504,BRCA2,6174delT+5382insC,0,,51.0
308586106,AJ,21-2506,BRCA1,185delAG,0,,51.0
28063154,AJ,21-2507,BRCA1,185delAG,0,,51.0
303666960,AJ,21-2508,BRCA1,185delAG,0,,60.0
338117567,AJ,21-2509,BRCA2,6174delT,0,,31.0
34911834,AJ,21-2510,BRCA1,5382insC,0,,44.0
58127911,AJ,21-2513,BRCA1,5382insC,0,,59.0
204690119,AJ,21-2572,BRCA1,185delAG,0,,29.0
36234359,AJ,21-2574,BRCA1,185delAG+5382insC,0,,43.0
32953622,AJ,21-2575,BRCA1+2,6174delT+185delAG,0,,44.0
201334398,Syria-Egyptian,21-2579,BRCA2,6174delT,0,,33.0
312470016,AJ,21-2581,BRCA2,6174delT,0,,29.0
304966229,AJ-nonAJ,21-2582,BRCA1,185delAG,0,,32.0
305012460,AJ,21-2583,BRCA1,5382insC,0,,32.0
312497407,AJ,21-2730,BRCA1,185delAG,0,,28.0
40640682,AJ,21-2732,BRCA1,5382insC,0,,41.0
39781224,AJ,21-2735,BRCA2,6174delT,0,,38.0
300831989,AJ,21-2736,BRCA2,6174delT,0,,35.0
50457472,AJ,21-2734,BRCA2,6174delT,0,,71.0
27228162,AJ,21-2737,BRCA1,185delAG,0,,48.0
39491469,AJ-Moroccan,21-2739,BRCA1,185delAG,0,,38.0
54564463,AJ,21-2742,BRCA2,6174delT,0,,66.0
40896110,AJ-Iraq,21-2743,BRCA2,6174delT,0,,41.0
312839988,AJ-RussiannonJ,21-2744,BRCA2,6174delT,0,,41.0
60514130,Iran-AJ,21-2892,BRCA2,6174delT,0,,40.0
302575311,AJ,21-2893,BRCA2,6174delT,0,,32.0
300535192,AJ-Iraq,21-2895,BRCA2,6174delT,0,,35.0
24501140,AJ,21-2897,BRCA1,185delAG,0,,53.0
32895963,AJ,21-2898,BRCA2,6174delT,0,,44.0
200599165,AJ,21-2900,BRCA1,185delAG,0,,34.0
33996653,AJ,21-2902,BRCA1,185delAG,0,,45.0
303075055,AJ-Tunis,21-2905,BRCA1,185delAG,0,,32.0
311151583,AJ-Iraq,21-2907,BRCA2,6174delT,0,,29.0
204768212,AJ-Iraq,21-2904,BRCA2,6174delT,0,,26.0
36621530,AJ,21-3218,BRCA2,6174delT,0,,36.0
22013718,AJ,21-3221,BRCA1,185delAG,0,,57.0
56237548,AJ-Tangieri,21-3222,BRCA2,6174delT,0,,62.0
52790607,AJ-Tangieri,21-3223,BRCA2,6174delT,0,,41.0
315325837,AJ-Tunis,21-3224,BRCA1,188delAG,0,,26.0
56593247,AJ,21-3225,BRCA2,6174delT,0,,62.0
200662716,AJ,21-3226,BRCA2,6174delT,0,,34.0
37064748,AJ,21-3228,BRCA1,185delAG,0,,37.0
55504724,AJ,21-3229,BRCA2,6174delT,0,,64.0
56201056,AJ,21-3230,BRCA2,6174delT,0,,62.0
205894348,AJ,21-3231,BRCA1,185delAG,0,,27.0
308339340,AJ,21-3232,BRCA1,185delAG,0,,29.0
25177338,AJ,21-3600,BRCA2,6174delT,0,,49.0
300184520,AJ,21-3601,BRCA2,6174delT,0,,36.0
57707523,AJ,21-3602,BRCA2,6174delT,0,,60.0
3800018,AJ,21-3603,BRCA1,185delAG,0,,76.0
27150242,AJ,21-3604,BRCA1,185delAG,0,,48.0
40470452,AJ,21-3605,BRCA1,185delAG,0,,42.0
200832012,AJ,21-3606,BRCA1,5382insC,0,,33.0
66746900,AJ-Kurdistan,21-3607,BRCA1,185delAG,0,,38.0
33802844,Syria-AJ,21-3608,BRCA1,185delAG,0,,45.0
38267654,AJ,21-3609,BRCA1,185delAG,0,,47.0
55990790,AJ,21-3610,BRCA2,6174delT,0,,63.0
54267000,AJ,21-3611,BRCA2,6174delT,0,,66.0
302637798,AJ,21-3613,BRCA2,6174delT,0,,33.0
301271458,Balkan-AJ,21-3615,BRCA2,6174delT,0,,35.0
53574935,AJ,21-3616,BRCA1,185delAG,0,,67.0
315392936,AJ-Yameni,21-3675,BRCA2,6174delT,0,,27.0
16822942,AJ,21-3676,BRCA1,185delT,0,,53.0
201300399,AJ,21-3678,BRCA1,185delAG,0,,33.0
56705650,AJ,21-3680,BRCA1,185delAG,0,,61.0
34077131,AJ,21-3681,BRCA1,5382insC,0,,45.0
37266350,AJ,21-3684,BRCA1,5382insC,0,,42.0
28686236,AJ,21-3685,BRCA2,6174delT,0,,51.0
313934341,AJ,21-3686,BRCA1,185delAG,0,,51.0
65039778,AJ,21-3689,BRCA2,6174delT,0,,65.0
29278082,AJ,21-3843,BRCA2,6174delT,0,,47.0
200040046,AJ,21-3844,BRCA2,6174delT,0,,34.0
306267592,AJ,21-3847,BRCA1,185delAG,0,,33.0
31197312,AJ,21-3848,BRCA1,185delAG,0,,42.0
39017470,AJ,21-3851,BRCA1,185delAG,0,,39.0
201277720,AJ,21-3852,BRCA1,185delAG,0,,28.0
43399468,AJ-Moroccan,21-3853,BRCA1,185delAG,0,,41.0
22883698,AJ,21-3854,BRCA2,6174delT,0,,55.0
28407799,AJ,21-3855,BRCA1,185delAG,0,,51.0
37559473,AJ,21-3857,BRCA1,185delAG,0,,47.0
311488183,AJ,21-3858,BRCA1,185delAG,0,,29.0
34208553,AJ,21-3859,BRCA1,185delAG,0,,45.0
305640922,AJ,21-3976,BRCA1,185delAG,0,,32.0
203777768,AJ,21-3977,BRCA2,6174delT,0,,31.0
28445690,Turkish-Moroccan,21-3978,BRCA2,6174delT,0,,51.0
38242491,AJ,21-3979,BRCA1,185delAG,0,,47.0
23721665,AJ,21-3981,BRCA2,6174delT,0,,54.0
58257114,שׂêשׂשׂíשׂúשׂôשׂú.שׂô-AJ,21-3982,BRCA2,6174delT,0,,59.0
53340782,AJ,21-3985,BRCA2,6174delT,0,,67.0
312529852,AJ,21-3508,BRCA1,185delAG,1,28.0,
37021359,AJ,21-4300,BRCA2,6174delT,0,,37.0
308261981,AJ,21-4301,BRCA2,6174delT,0,,30.0
66049545,AJ,21-4302,BRCA2,6174delT,0,,40.0
23640402,AJ,21-4303,BRCA2,6174delT,0,,54.0
34409383,AJ,21-4304,BRCA1,185delAG,0,,44.0
203266226,AJ-Moroccan,21-4305,BRCA1,5382insC,0,,31.0
39713227,AJ-YameniSyria,21-4307,BRCA1,185delAG,0,,38.0
54191663,AJ,21-4308,BRCA2,6174delT,0,,66.0
33264086,AJ,21-4309,BRCA2,6174delT,0,,46.0
16850018,AJ,21-4310,BRCA2,6174delT,0,,49.0
303053268,AJ,21-4313,BRCA2,6174delT,0,,33.0
60958345,AJ-Turkish,21-4314,BRCA1,185delAG,0,,40.0
31179435,Balkan-שׂúשׂëשׂשׂïשׂü,21-4315,BRCA1,185delAG,0,,42.0
31457880,AJ-Balkan,21-4316,BRCA1,185delAG,0,,44.0
54779657,AJ,21-4318,BRCA1,185delAG,0,,65.0
203058078,AJ,21-4746,BRCA1,185delAG,0,,31.0
3937595,AJ,21-4748,BRCA1,185delAG,0,,38.0
300400322,AJ,21-4749,BRCA2,6174delT,0,,35.0
31882871,AJ,21-4750,BRCA2,6174delT,0,,48.0
66376294,Egyptian-Moroccan,21-4756,BRCA2,6174delT,0,,38.0
52206729,AJ,21-4759,BRCA1,185delAG,0,,68.0
209043520,AJ,21-4781,BRCA1,5382insC,0,,25.0
25337783,AJ,21-5445,BRCA2,6174delT,0,,49.0
17194739,AJ,21-5447,BRCA2,6174delT,0,,60.0
313230062,שׂêשׂ(שׂõשׂשׂô-Iraq,21-5448,BRCA2,6174delT,0,,27.0
31691074,AJ-Yameni,21-5451,BRCA2,6174delT,0,,44.0
308878859,AJ,21-5453,BRCA1,5382insC,0,,37.0
28618247,AJ,21-5455,BRCA1,185delAG,0,,51.0
36630689,AJ-Egyptian,21-5456,BRCA1,185delAG,0,,37.0
57333346,AJ-Balkan,21-5457,BRCA2,6174delT,0,,61.0
36838399,AJ,21-5460,BRCA2,6174delT,0,,37.0
21941596,AJ,21-5461,BRCA2,6174delT,0,,36.0
57699365,Iraq,21-5463,BRCA1,185delAG,0,,60.0
33858994,AJ,21-5461,BRCA1,185delAG,0,,45.0
205531643,AJ-Iraq,21-5643,BRCA1,185delAG,0,,27.0
37589587,AJ,21-5644,BRCA2,6174delT,0,,47.0
13312657,AJ,21-5645,BRCA1,185delAG,0,,51.0
29548930,AJ,21-5646,BRCA1,185delAG,0,,50.0
23665540,AJ,21-5648,BRCA1+BRCA2,185delAG + 6174delT,0,,54.0
204121149,AJ,21-5650,BRCA1,185delAG,0,,30.0
37596210,AJ,21-5651,BRCA2,6174delT,0,,47.0
38522140,AJ,21-5652,BRCA2,6174delT,0,,46.0
311683007,Russian,21-5654,BRCA1,5382insC,0,,37.0
32865875,AJ,21-5655,BRCA1,5382insC,0,,44.0
29056611,AJ-Iran,21-5793,BRCA2,6174delT,0,,51.0
66627720,AJ-Indian,21-5795,BRCA2,6174delT,0,,38.0
305161481,AJ,21-5797,BRCA1,185delAG,0,,32.0
302704895,AJ,21-5799,BRCA2,6174delT,0,,33.0
33067117,AJ,21-5800,BRCA1,185delAG,0,,46.0
57275422,AJ,21-5803,BRCA2,6174delT,0,,61.0
16752388,AJ,21-5806,BRCA2,6174delT,0,,58.0
308134725,AJ,21-5811,BRCA1,185delAG,0,,30.0
27852631,AJ,21-06145,BRCA1,185delAG,0,,52.0
301377974,AJ,21-06146,BRCA2,6174delT,0,,35.0
21357280,Iraq-AJ-nonAJ,21-06147,BRCA1,185delAG,0,,43.0
32076689,Iraq,21-06148,BRCA1,185delAG,0,,48.0
25537747,Iraq,21-06149,BRCA1,185delAG,0,,49.0
67374314,AJ,21-06154,BRCA2,6174delT,0,,74.0
27763218,AJ,21-06155,BRCA1,185delAG,0,,52.0
318035052,AJ,21-06156,BRCA1,5382insC,0,,43.0
38480547,AJ,21-06157,BRCA1,5382insC,0,,46.0
54895735,AJ,21-06158,BRCA1,185delAG,0,,64.0
303002026,AJ,21-06159,BRCA1,5382insC,0,,33.0
33855602,AJ-Libya,21-06160,BRCA2,6174delT,0,,45.0
50005420,AJ,21-06161,BRCA2,6174delT,0,,72.0
34080200,AJ,21-06304,BRCA1,185delAG,0,,45.0
22206585,AJ,21-06307,BRCA2,6174delT,0,,56.0
32588345,AJ,21-06309,BRCA2,6174delT,0,,36.0
26683219,AJ,21-06310,BRCA2,6174delT,0,,54.0
55651723,AJ,21-06607,BRCA2,6174delT,0,,63.0
22838858,Syria-Egyptian,21-06608,BRCA1,185delAG,0,,56.0
41946286,AJ,21-06609,BRCA1,185delAG,0,,41.0
66026444,AJ,21-06610,BRCA1,185delAG,0,,40.0
25762469,AJ-Balkan,21-06611,BRCA2,6174delT,0,,49.0
38620076,AJ-Balkan-Russian-Afghan,21-06612,BRCA1,185delAG,0,,46.0
53667093,AJ,21-06613,BRCA1,5382insC,0,,67.0
69290039,AJ,21-06689,BRCA2,6174delT,0,,64.0
28868990,AJ,21-06691,BRCA2,6174delT,0,,51.0
24416844,Iraq,21-06692,BRCA1,185delAG,0,,53.0
31490709,AJ,21-06694,BRCA2,6174delT,0,,44.0
22640270,AJ,21-06698,BRCA1,185delAG,0,,56.0
200276632,AJ,21-06699,BRCA2,6174delT,0,,34.0
34092569,Balkan-Turkish-AJ,21-06700,BRCA1,185delAG,0,,45.0
23752959,AJ-Indian,21-07054,BRCA1,185delAG,0,,54.0
337592810,AJ-Algiers,21-07055,BRCA2,6174delT,0,,40.0
305879942,AJ,21-07056,BRCA1,185delAG,0,,34.0
203536578,AJ,21-07057,BRCA1,185delAG,0,,30.0
57825465,AJ-Iraq,21-07059,BRCA1,185delAG,0,,60.0
56542418,AJ,21-07060,BRCA1,185delAG,0,,62.0
36924686,AJ,21-07061,BRCA2,6174delT,0,,37.0
43439835,AJ,21-07064,BRCA1,185delAG,0,,39.0
21538210,Turkish-Egyptian-AJ,21-07065,BRCA1,185delAG,0,,37.0
38154274,AJ,21-07068,BRCA1,5382insC,0,,39.0
58061706,AJ,21-07069,BRCA2,6174delT,0,,59.0
25294661,AJ,21-07070,BRCA1,185delAG,0,,49.0
27352723,AJ,21-07180,BRCA2,6174delT,0,,48.0
35729995,AJ,21-07181,BRCA1,185delAG,0,,44.0
27853407,AJ,21-07182,BRCA2,6174delT,0,,52.0
302248851,AJ-Balkan,21-07183,BRCA2,6174delT,0,,31.0
34958603,AJ-Moroccan,21-07185,BRCA1,185delAG,0,,42.0
33415746,AJ,21-07285,BRCA2,6174delT,0,,46.0
69641603,AJ-Algiers,21-07286,BRCA2,6174delT,0,,58.0
35882760,Libya-שׂîשׂïשׂשׂíשׂ)שׂôשׂî,21-07288,BRCA1,185delAG,0,,44.0
40271389,AJ,21-07289,BRCA2,6174delT,0,,41.0
332668441,AJ,21-07290,BRCA1,5382insC,0,,39.0
39713953,AJ,21-07291,BRCA1,5382insC,0,,38.0
301576914,AJ,21-07292,BRCA2,6174delT,0,,34.0
22796403,AJ,21-07297,BRCA2,6174delT,0,,56.0
13513593,AJ-nonAJ,21-07299,BRCA2,6174delT,0,,49.0
42345975,Balkan-AJ,21-07300,BRCA2,6174delT,0,,41.0
306133448,AJ,21-07301,BRCA1,5382insC,0,,45.0
28564367,AJ,21-07430,BRCA2,6174delT,0,,51.0
36346179,AJ,21-07432,BRCA1,5382insC,0,,43.0
201506615,AJ,21-07433,BRCA1,185delAG,0,,32.0
25662743,AJ,21-07434,BRCA1,185delAG,0,,48.0
59299511,AJ,21-07436,BRCA1,185delAG,0,,57.0
52369121,AJ,21-07437,BRCA2,6174delT,0,,68.0
319158549,AJ,21-07439,BRCA1,185delAG,0,,48.0
69753564,AJ,21-07440,BRCA1,5382insC,0,,63.0
55957070,,21-07441,BRCA1,185delAG,0,,63.0
200575942,AJ,21-07600,BRCA2,6174delT,0,,34.0
23677057,AJ,21-07602,BRCA2,6174delT,0,,54.0
28112753,AJ,21-07603,BRCA2,6174delT,0,,51.0
40687055,AJ-Moroccan,21-07604,BRCA2,6174delT,0,,41.0
57956351,AJ,21-07606,BRCA2,6174delT,0,,59.0
37680444,AJ-Yameni,21-07607,BRCA2,6174delT,0,,47.0
32136269,AJ,21-07608,BRCA1,185delAG,0,,48.0
23628720,AJ,21-07609,BRCA1,185delAG,0,,54.0
300315942,AJ-Iran,21-07610,BRCA2,6174delT,0,,35.0
200552206,AJ-Tunis,21-07612,BRCA1,185delAG,0,,34.0
28518538,AJ,21-07613,BRCA2,6174delT,0,,51.0
311353700,Iraq,21-07615,BRCA1,185delAG,0,,29.0
57199176,AJ,21-07616,BRCA1,185delAG,0,,61.0
39030317,AJ-Iraq,21-07638,BRCA1,185delAG,0,,40.0
38261566,AJ,21-07639,BRCA2,6174delT,0,,46.0
38704441,Iraq,21-07642,BRCA1,185delAG,0,,46.0
36873487,AJ-Egyptian-Iraq,21-07646,BRCA2,6174delT,0,,37.0
23068968,Balkan-AJ,21-07647,BRCA2,6174delT,0,,55.0
32491938,AJ,21-07648,BRCA1,5382insC,0,,36.0
302192968,AJ,21-07649,BRCA1,185delAG,0,,33.0
55590806,AJ,21-07835,BRCA1,185delAG,0,,63.0
24157190,AJ-Iran,21-08032,BRCA2,6174delT,0,,53.0
308808567,AJ-Russian,21-08033,BRCA1,185delAG,0,,47.0
32813073,AJ,21-08034,BRCA1,185delAG,0,,44.0
200925428,AJ,21-08035,BRCA1,185delAG,0,,33.0
28594000,AJ,21-08036,BRCA2,6174delT,0,,51.0
301267068,AJ,21-08040,BRCA2,c.5946del,0,,35.0
40684599,AJ,21-08041,BRCA2,c.5946del,0,,41.0
307770255,AJ-?,21-08042,BRCA2,6174delT,0,,47.0
206562191,AJ,21-08043,BRCA1,185delAG,0,,24.0
61249934,AJ,21-08045,BRCA2,6174delT,0,,40.0
24877110,AJ,21-08046,BRCA1,185delAG,0,,52.0
200009975,AJ,21-08058,BRCA2,6174delT,0,,37.0
12891743,AJ,21-08059,BRCA2,6174delT,0,,54.0
200336709,Yameni-Iraq,21-08062,BRCA1,185delAG,0,,34.0
305554321,AJ,21-08065,BRCA1,185delAG,0,,31.0
209092162,AJ,21-08066,BRCA1,185delAG,0,,23.0
65941965,AJ,21-08068,BRCA1,185delAG,0,,38.0
203418033,AJ-Egyptian,21-08069,BRCA2,6174delT,0,,31.0
306185265,AJ,21-08265,BRCA1,185delAG,0,,71.0
29988979,AJ,21-08266,BRCA2,6174delT,0,,36.0
23727621,AJ,21-08269,BRCA1,185delAG,0,,54.0
205478712,AJ-Iraq,21-08271,BRCA1,185delAG,0,,28.0
24586232,AJ,21-08272,BRCA2,6174delT,0,,51.0
38106555,AJ,21-08273,BRCA1,185delAG,0,,36.0
39869136,AJ,21-08453,BRCA2,6174delT,0,,39.0
6456354,AJ,21-08454,BRCA1,185delAG,0,,76.0
300381522,AJ,21-08457,BRCA1,185delAG,0,,35.0
40439572,AJ,21-08458,BRCA1+BRCA2,185delAG + 6174delT,0,,40.0
201616737,AJ,21-08460,BRCA2,6174delT,0,,33.0
38759262,AJ,21-08763,BRCA1,5382insC,0,,39.0
35694918,AJ,21-08765,BRCA1,185delAG,0,,43.0
22175384,AJ,21-08766,BRCA2,6174delT,0,,56.0
28409225,AJ,21-08767,BRCA1,185delAG,0,,51.0
25680000,AJ,21-08768,BRCA2,6174delT,0,,48.0
22830541,AJ,21-08770,BRCA1,185delAG,0,,56.0
204300800,AJ,21-08771,BRCA1,185delAG,0,,30.0
33853938,AJ,21-08772,BRCA1,5382insC,0,,45.0
10114262,AJ,21-08773,BRCA1,185delAG,0,,72.0
22327373,AJ,21-08774,BRCA1,185delAG,0,,56.0
69018786,AJ,21-08776,BRCA1,185delAG,0,,67.0
35854181,Moroccan-Turkish-AJ,21-08930,BRCA1,185delAG,0,,43.0
29295326,AJ,21-08932,BRCA2,6174delT,0,,50.0
50662410,AJ,21-08933,BRCA1,185delAG,0,,71.0
200375053,AJ,21-08935,BRCA2,6174delT,0,,35.0
36047702,AJ,21-08936,BRCA2,6174delT,0,,44.0
56142300,AJ,21-08937,BRCA1,185delAG,0,,63.0
33093501,AJ,21-08939,BRCA2,6174delT,0,,46.0
38262416,adopted,21-09103,BRCA1,185delAG,0,,47.0
15143829,AJ,21-09104,BRCA2,6174delT,0,,68.0
53534913,AJ-Turkish,21-09105,BRCA2,6174delT,0,,67.0
200263614,AJ,21-09106,BRCA2,6174delT,0,,34.0
22029383,AJ,21-09108,BRCA1,185delAG,0,,57.0
56779630,AJ-Balkan,21-09109,BRCA2,6174delT,0,,61.0
319616892,AJ,21-09110,BRCA1,5382insC,0,,47.0
39245238,AJ-Moroccan,21-09111,BRCA2,6174delT,0,,39.0
317468189,AJ,21-09112,BRCA2,6174delT,0,,36.0
25071374,AJ,21-09115,BRCA2,6174delT,0,,49.0
36308831,AJ,21-09117,BRCA2,6174delT,0,,43.0
56592041,AJ,21-09118,BRCA1,185delAG,0,,62.0
3427572,AJ,21-09120,BRCA1,185delAG,0,,75.0
29520384,AJ,21-09121,BRCA2,6174delT,0,,50.0
38369625,AJ,21-09123,BRCA1+BRCA2,185delAG + 6174delT,0,,46.0
7495682,AJ,21-09125,BRCA1,5382insC,0,,77.0
25705286,AJ,21-09188,BRCA2,6174delT,0,,49.0
57065013,AJ,21-09190,BRCA2,6174delT,0,,61.0
58641036,AJ,21-09191,BRCA2,6174delT,0,,58.0
304814015,AJ-Iraq,21-09195,BRCA1,185delAG,0,,32.0
204369227,Iraq,21-09407,BRCA1,185delAG,0,,30.0
23539737,AJ,21-09408,BRCA2,6174delT,0,,54.0
32731903,AJ,21-09409,BRCA2,6174delT,0,,36.0
23735558,,21-09410,BRCA2,6174delT,0,,54.0
21806427,AJ,21-09411,BRCA2,6174delT,0,,39.0
302702816,Egyptian-Balkan-Moroccan,21-09412,BRCA2,6174delT,0,,33.0
39494315,AJ,21-09413,BRCA1,185delAG,0,,38.0
43186162,Turkish-Turkish,21-09415,BRCA1,5382insC,0,,41.0
39971254,AJ,21-09416,BRCA1,185delAG,0,,39.0
31696586,Iraq-Tunis,21-09417,BRCA1,5382insC,0,,44.0
40128712,Iraq-Tunis,21-09418,BRCA1,185delAG,0,,42.0
36304863,AJ,21-09419,BRCA1,185delAG,0,,43.0
308242882,AJ-nonAJ,21-09420,BRCA1,185delAG,0,,29.0
53265716,AJ,21-09557,BRCA1,185delAG,0,,67.0
312502529,AJ,21-09558,BRCA2,6174delT,0,,29.0
58760018,AJ,21-09560,BRCA2,6174delT,0,,58.0
55475719,AJ,21-09561,BRCA1,185delAG,0,,64.0
300616133,AJ-Balkan,21-09563,BRCA1,185delAG,0,,35.0
34519132,AJ,21-09564,BRCA1,5382insC,0,,45.0
55403794,AJ-Yugoslavia,21-09764,BRCA1,185delAG,0,,64.0
58213562,AJ,21-09766,BRCA1,185delAG,0,,59.0
40610875,AJ,21-09767,BRCA2,6174delT,0,,41.0
38723797,AJ-Turkish,21-09769,BRCA1,185delAG,0,,46.0
37215019,AJ,21-09770,BRCA2,6174delT,0,,43.0
33742859,AJ,21-09771,BRCA1,185delAG,0,,45.0
66633090,AJ,21-10117,BRCA1,185delAG,0,,38.0
301910097,AJ-Iraq,21-10888,BRCA1,185delAG,0,,34.0
313193252,AJ,21-11139,BRCA1,185delAG,0,,27.0
303040943,AJ-Moroccan,21-11338,BRCA2,6174delT,0,,33.0
27914241,AJ,21-12057,BRCA1,5382insC,0,,52.0
16758385,AJ,21-262,BRCA2,6174delT,0,,50.0
303782510,,21-966,BRCA1,185delAG,1,78.0,82.0
205916059,AJ,21-805,BRCA1,5382insC,0,,27.0
336305917,Russian,21-700,BRCA1,5382insC,1,33.0,35.0
52244118,AJ,21-763,BRCA2,6174delT,0,,68.0
69105781,,21-623,BRCA1,185delAG,0,,67.0
38319992,,21-556,BRCA1,185delAG,0,,46.0
28424414,AJ,21-248,BRCA1,185delAG,0,,51.0
24904773,AJ,20-15326,BRCA1,5382insC,0,,52.0
16547424,,20-15176,BRCA1,185delAG,0,,50.0
57217572,AJ,20-14670,BRCA2,6174delT,0,,61.0
308673961,,20-14438,BRCA1,185delAG,0,,81.0
306076720,,20-14225,BRCA1,185delAG,0,,35.0
311127013,nonAJAJ,20-13811,BRCA1,185delAG,0,,28.0
324246578,IraqnonAJnonJIndian,20-13810,BRCA1,185delAG,0,,21.0
16758377,AJ,20-13501,BRCA2,6174delT,0,,73.0
208457150,AJ,20-12912,BRCA2,6174delT,0,,25.0
318241387,,20-12128,BRCA2,6174delT,0,,25.0
318097219,AJ,20-11678,BRCA1,185delAG,1,40.0,42.0
54512660,,20-11460,BRCA2,6174delT,0,,66.0
54902168,Iraq,20-10851,BRCA1,185delAG,1,63.0,65.0
300050242,AJ,20-10523,BRCA2,6174delT,0,,36.0
66255233,LibyaAJ,20-10378,BRCA1,185delAG,0,,40.0
66256496,AJ,20-9611,BRCA1,185delAG,0,,40.0
314045659,AJ,20-6239,BRCA2,6174delT,0,,29.0
318143351,AJ,20-8754,BRCA2,6174delT,0,,32.0
211905468,,20-8408,BRCA1,5382insC,0,,22.0
56201353,AJ,20-8420,BRCA1,185delAG,0,,62.0
23826282,,20-8272,BRCA1,185delAG,0,,54.0
201378080,,20-8216,BRCA1,185delAG,0,,32.0
308708973,Russian-AJ,20-7922,BRCA1,5382insC,1,39.0,41.0
323116913,AJ,20-7314,BRCA2,6174delT,0,,21.0
322769175,AJ,20-7072,BRCA1,185delAG,0,,22.0
304812662,AJ,20-6667,BRCA1,185delAG,0,,32.0
315073296,IraqEgyptianAJ,20-6677,BRCA1,185delAG,0,,27.0
31871163,AJ,20-6638,BRCA2,6174delT,0,,48.0
27360155,AJ,20-6637,BRCA2,6174delT,0,,48.0
11519212,,20-6576,BRCA1,185delAG,0,,39.0
307965434,AJ,20-6423,BRCA1,185delAG,0,,30.0
306474248,,20-5960,BRCA1,185delAG,0,,61.0
40302457,,20-5875,BRCA2,6174delT,0,,42.0
25080771,AJ,20-4943,BRCA2,6174delT,0,,50.0
309540466,AJ,20-4620,BRCA2,6174delT,1,34.0,37.0
57100299,,20-4296,BRCA1,185delAG,0,,61.0
29091915,AJ-Moroccan,20-3898,BRCA2,6174delT,0,,50.0
57676124,AJ,20-3302,BRCA1,185delAG,0,,60.0
27217587,AJ,20-2774,BRCA2,6174delT,0,,48.0
34740605,,20-2499,BRCA1,185delAG,0,,37.0
33488347,,20-2498,BRCA2,6174delT,0,,46.0
205782741,AJ,20-2321,BRCA1,185delAG,0,,28.0
200095917,AJ,20-905,BRCA2,6174delT,0,,35.0
204713572,IraqEgyptianשׂôשׂù-AJGeorgian,20-628,BRCA1,185delAG,0,,29.0
35766278,AJ,20-607,BRCA1,5382insC,0,,43.0
28923977,AJ-Iraq,20-600,BRCA1,185delAG,0,,51.0
212200307,AJ-Syria,20-360,BRCA1,185delAG,0,,21.0
308896968,,20-310,BRCA2,6174delT,0,,42.0
24408528,,20-223,BRCA1,185delAG,0,,53.0
309391282,,19-12082,BRCA1,185delAG,0,,64.0
308160498,AJ,19-12140,BRCA2,6174delT,0,,29.0
203832746,AJ-Iraq,19-12139,BRCA1,185delAG,0,,29.0
200662567,,19-11970,BRCA1,185delAG,0,,34.0
313616617,AJ,19-11334,BRCA1,5382insC,0,,47.0
211397112,AJ,19-11324,BRCA1,185delAG,0,,22.0
308242882,AJ,19-11062,BRCA1,185delAG,0,,29.0
307291492,AJ,19-10565,BRCA2,6174delT,1,67.0,71.0
323130971,AJ,19-10139,BRCA1,185delAG,0,,22.0
316603885,AJ,19-10137,BRCA1,185delAG,0,,27.0
308242874,,19-10295,BRCA1,185delAG,0,,29.0
316932094,AJ,19-9756,BRCA1,185delAG,0,,43.0
206767840,AJBalkan,19-9796,BRCA1,185delAG,0,,24.0
58796657,AJ,19-9308,BRCA2,6174delT,0,,58.0
312107147,AJ-שׂêשׂשׂíשׂúשׂô,19-9082,BRCA2,6174delT,1,59.0,62.0
209002393,nonJIndian(שׂêשׂù)Iraq(שׂêשׂë),19-9080,BRCA1,185delAG,0,,25.0
310198924,AJ,19-8942,BRCA1,5382insC,0,,41.0
341043776,,19-8756,BRCA1,185delAG,0,,59.0
57250854,AJ,19-8729,BRCA1,185delAG,1,58.0,61.0
332396068,AJ,19-8422,BRCA1,185delAG,0,,46.0
50673052,,19-8562,BRCA2,6174delT,0,,71.0
36779080,,19-8271,BRCA2,6174delT,0,,37.0
32841926,AJ,19-8119,BRCA2,6174delT,0,,43.0
49818610,AJ,19-8032,BRCA2,6174delT,0,,40.0
304870728,AJ,19-7735,BRCA1,185delAG,0,,32.0
305687816,AJ,19-7509,BRCA1,185delAG,0,,32.0
57916892,,19-7133,BRCA1,185delAG,0,,60.0
208749580,AJ,19-6870,BRCA1,185delAG,0,,24.0
320868672,,19-6371,BRCA1,185delAG,0,,81.0
16503401,,19-5902,BRCA2,6174delT,0,,88.0
204686869,AJGeorgian,19-5678,BRCA1,5382insC,0,,29.0
300336229,AJ,19-5653,BRCA2,6174delT MSH6 p.Ala1320Lysfs*8,0,,35.0
34948174,AJ-Balkan,19-5646,BRCA2,6174delT,0,,43.0
311338222,AJ,19-5645,BRCA2,6174delT,0,,29.0
1522374,AJ,19-5336,BRCA2,6174delT,0,,82.0
40842619,AJ,19-5110,BRCA2,6174delT,0,,41.0
314509191,,19-4785,BRCA2,6174delT,0,,45.0
300107646,AJ,19-4794,BRCA1,185delAG,0,,36.0
322084864,AJ-Russian,19-4772,BRCA1,5382insC,1,49.0,52.0
69523579,AJ,19-3895,BRCA2,6174delT,0,,60.0
15454168,AJ,19-3799,BRCA2,6174delT,0,,44.0
305412645,AJ,19-2956,BRCA2,6174delT,0,,31.0
313193252,,19-2654,BRCA1,185delAG,0,,27.0
27230689,AJ,19-2429,BRCA2,6174delT,0,,48.0
306960832,AJ,19-2149,BRCA1,185delAG,0,,41.0
305552820,AJ-Moroccan,19-1888,BRCA2,6174delT,0,,31.0
60771821,AJ,19-1727,BRCA1,185delAG,0,,40.0
306960816,AJ,19-750,BRCA1,185delAG,1,45.0,64.0
32952954,,19-477,BRCA1,185delAG,0,,44.0
51012904,,18-12501,BRCA1,185delAG,0,,71.0
28775567,AJ,18-12523,BRCA1,185delAG,0,,51.0
207289802,AJ-Italian-Moroccan,18-12286,BRCA1,185delAG,0,,24.0
211572938,AJ-Italian-Moroccan,18-12287,BRCA1,185delAG,0,,22.0
205982796,AJ-Yameni,18-12258,BRCA1,185delAG,0,,27.0
39290432,,18-12139,BRCA1,185delAG,0,,39.0
38185682,AJ-Libya,18-11753,BRCA2,6174delT,0,,36.0
44518132,,18-10064,BRCA1,185delAG,0,,76.0
200151025,AJ,18-9768,BRCA1,185delAG,0,,38.0
40209900,AJ-Turkish,18-9696,BRCA2,6174delT,0,,42.0
332570316,AJ,18-8801,BRCA2,6174delT,0,,38.0
61288890,,18-8556,BRCA1,185delAG,0,,40.0
59220939,,18-8438,BRCA2,6174delT,0,,57.0
311323018,AJ,18-8180,BRCA2,6174delT,0,,28.0
7695778,AJ,18-6274,BRCA1,185delAG,0,,79.0
307881300,AJ-(Balkan?)-AJ,18-6134,BRCA1,185delAG,0,,29.0
314732769,AJ-Turkish,18-4635,BRCA1,185delAG,0,,27.0
52599032,AJ,18-3707,BRCA1,185delAG,0,,68.0
53222113,AJ,18-3416,BRCA1,185delAG,0,,67.0
60745445,AJ,18-3134,BRCA2,6174delT,0,,40.0
27357193,AJ,18-2390,BRCA2,6174delT,0,,48.0
40674848,AJ,18-2053,BRCA1,185delAG,0,,42.0
58332677,AJ,18-1942,BRCA1,185delAG,0,,59.0
56144306,AJ,18-1941,BRCA1,185delAG,0,,62.0
203422993,AJ-Moroccan,18-1557,BRCA2,6174delT,0,,30.0
308120401,AJ,18-1525,BRCA2,6174delT,0,,30.0
8144644,,18-1352,BRCA2,6174delT,0,,75.0
25140351,,18-997,BRCA1,5382insC,0,,49.0
58060476,AJ,18-887,BRCA2,6174delT,0,,59.0
38352175,Iraq,18-884,BRCA1,185delAG,0,,46.0
204030761,AJ,18-693,BRCA2,6174delT,0,,31.0
37369626,AJ,18-624,BRCA1,185delAG,0,,42.0
308592278,AJ,18-398,BRCA1,185delAG,0,,46.0
68805944,AJ,18-540,BRCA1,185delAG,0,,72.0
320885957,nonJEuropean,18-300,BRCA1,5382insC,0,,57.0
16848418,AJ,18-111,BRCA1,185delAG,0,,73.0
4199220,AJ,17-10105,BRCA1,5382insC,0,,73.0
56162530,Iraq-Yameni,17-10104,BRCA1,185delAG,0,,63.0
21776638,Iraq,17-10086,BRCA1,185delAG,0,,39.0
208845024,AJ-Libya,17-10037,BRCA2,6174delT,0,,25.0
204269492,AJ-Turkish,17-9887,BRCA1,185delAG,0,,30.0
27914241,,17-9405,BRCA1,5382insC,0,,52.0
47334933,AJ,17-9404,BRCA2,6174delT,0,,75.0
67230508,,17-8846,BRCA2,6174delT,0,,72.0
324416551,Russian,17-8662,BRCA1,5382insC,0,,64.0
315072157,AJ-Iraq,17-8455,BRCA2,6174delT,0,,27.0
39454491,nonAJ-Iran-AJ,17-8109,BRCA1,185delAG,0,,38.0
207105909,,17-7737,BRCA1,185delAG,0,,23.0
30133300,AJ,17-7618,BRCA2,6174delT,0,,73.0
25542408,AJ,17-7370,BRCA2,6174delT,0,,49.0
46112215,AJ-Kurdistan,17-7035,BRCA1,185delAG,0,,41.0
321365223,,17-7008,BRCA1,185delAG,0,,30.0
308592252,AJ,17-6741,BRCA1,185delAG,0,,74.0
40707143,AJ-Tunis,17-6156,BRCA1,185delAG,0,,41.0
305202707,AJ-Turkish-Yameni,17-6043,BRCA2,6174delT,0,,31.0
51839124,,17-6220,BRCA1,185delAG,0,,69.0
305330102,AJ-Syria-Egyptian,17-6130,BRCA1,185delAG,0,,31.0
37093887,AJ-Turkish-Yameni,17-6129,BRCA2,6174delT,0,,36.0
60636461,AJ-nonJ,17-6005,BRCA2,6174delT,0,,40.0
38024246,Iraq-Yameni,17-5149,BRCA1,185delAG,0,,37.0
208847186,AJ,17-4764,BRCA2,6174delT,0,,25.0
305748212,AJ,17-4758,BRCA2,6174delT,0,,31.0
302157854,AJ-Turkish,17-4475,BRCA2,6174delT,0,,31.0
64354459,AJ,17-4309,BRCA1,5382insC,0,,83.0
36067486,AJ-Tunis,17-4278,BRCA1,185delAG,0,,43.0
13861968,AJ,17-3447,BRCA1,185delAG,0,,65.0
39119888,AJ-Moroccan,17-3444,BRCA2,6174delT,0,,39.0
54670757,AJ,17-1752,BRCA2,6174delT,0,,66.0
311940993,AJ,17-3025,BRCA1,185delAG,0,,51.0
317092773,AJ,17-2791,BRCA1,185delAG,0,,55.0
317477776,,17-2680,BRCA1,185delAG,0,,41.0
309676062,AJ,17-2+G231:O231643,BRCA1,185delAG,0,,69.0
10653822,,17-2508,BRCA1,5382insC,0,,95.0
17159229,AJ,17-2222,BRCA1,185delAG,0,,44.0
23047947,AJ,17-2130,BRCA1,5382insC,0,,55.0
17011461,,17-1810,BRCA1,185delAG,0,,52.0
38406948,Iraq,17-1742,BRCA1,185delAG,0,,46.0
305763963,AJ,17-1306,BRCA1,185delAG,0,,31.0
200868958,AJ-Iraq,17-1312,BRCA1,185delAG,0,,32.0
33883935,AJ,17-964,BRCA2,6174delT,0,,45.0
35681774,AJ,17-682,BRCA2,6174delT,0,,44.0
57754806,Iraq,16-8987,BRCA1,185delAG,0,,60.0
36064806,AJ,17-144,BRCA2,6174delT,0,,43.0
50889120,AJ,16-9138,BRCA2,6174delT,0,,71.0
66717554,AJ,16-8959,BRCA1,5382insC,0,,38.0
68741024,AJ,16-8917,BRCA2,6174delT,0,,72.0
25327735,AJ,16-8774,BRCA1,185delAG,0,,49.0
36551034,AJ,16-8083,BRCA1,5382insC,0,,37.0
15742976,AJ,16-8082,BRCA2,6174delT,0,,60.0
52562956,AJ,16-7674,BRCA2,6174delT,0,,68.0
60870722,AJ,16-6837,BRCA2,6174delT,0,,40.0
201058393,AJ-Iraq,16-6559,BRCA1,185delAG,0,,33.0
200210078,AJ,16-6361,BRCA1,185delAG,0,,39.0
7573942,AJ,16-6209,BRCA2,6174delT,0,,77.0
332397991,AJ,16-6206,BRCA2,6174delT,0,,39.0
300612470,AJ,16-6113,BRCA2,6174delT,0,,35.0
68779180,AJ,16-5483,BRCA1,185delAG,0,,32.0
39178793,AJ,16-5452,BRCA2,6174delT,0,,39.0
21705504,AJ,16-5451,BRCA2,6174delT,0,,37.0
17920778,AJ,16-4327,BRCA2,6174delT,0,,41.0
304865306,AJ-Iraq,16-3919,BRCA1,185delAG,0,,32.0
3911930,,16-3710,BRCA2,6174delT,0,,76.0
28810372,,16-3074,BRCA1,5382insC,0,,51.0
22340939,,16-2852,BRCA2,6174delT,0,,56.0
300649266,AJ,16-2857,BRCA2,6174delT,0,,35.0
50397009,AJ,16-2678,BRCA1,185delAG,0,,71.0
11077716,AJ,16-2677,BRCA2,6174delT,0,,47.0
32636532,AJ,16-2596,BRCA1,185delAG,0,,39.0
